[{
	"name":       "aesthetic",
	"characters": {
		"0": "０",
		"1": "１",
		"2": "２",
		"3": "３",
		"4": "４",
		"5": "５",
		"6": "６",
		"7": "７",
		"8": "８",
		"9": "９",
		"a": "ａ",
		"b": "ｂ",
		"c": "ｃ",
		"d": "ｄ",
		"e": "ｅ",
		"f": "ｆ",
		"g": "ｇ",
		"h": "ｈ",
		"i": "ｉ",
		"j": "ｊ",
		"k": "ｋ",
		"l": "ｌ",
		"m": "ｍ",
		"n": "ｎ",
		"o": "ｏ",
		"p": "ｐ",
		"q": "ｑ",
		"r": "ｒ",
		"s": "ｓ",
		"t": "ｔ",
		"u": "ｕ",
		"v": "ｖ",
		"w": "ｗ",
		"x": "ｘ",
		"y": "ｙ",
		"z": "ｚ",
		"A": "Ａ",
		"B": "Ｂ",
		"C": "Ｃ",
		"D": "Ｄ",
		"E": "Ｅ",
		"F": "Ｆ",
		"G": "Ｇ",
		"H": "Ｈ",
		"I": "Ｉ",
		"J": "Ｊ",
		"K": "Ｋ",
		"L": "Ｌ",
		"M": "Ｍ",
		"N": "Ｎ",
		"O": "Ｏ",
		"P": "Ｐ",
		"Q": "Ｑ",
		"R": "Ｒ",
		"S": "Ｓ",
		"T": "Ｔ",
		"U": "Ｕ",
		"V": "Ｖ",
		"W": "Ｗ",
		"X": "Ｘ",
		"Y": "Ｙ",
		"Z": "Ｚ",
		" ": "　"
	}
},
{
	"name":       "bold",
	"characters": {
		"0": "𝟎",
		"1": "𝟏",
		"2": "𝟐",
		"3": "𝟑",
		"4": "𝟒",
		"5": "𝟓",
		"6": "𝟔",
		"7": "𝟕",
		"8": "𝟖",
		"9": "𝟗",
		"a": "𝐚",
		"b": "𝐛",
		"c": "𝐜",
		"d": "𝐝",
		"e": "𝐞",
		"f": "𝐟",
		"g": "𝐠",
		"h": "𝐡",
		"i": "𝐢",
		"j": "𝐣",
		"k": "𝐤",
		"l": "𝐥",
		"m": "𝐦",
		"n": "𝐧",
		"o": "𝐨",
		"p": "𝐩",
		"q": "𝐪",
		"r": "𝐫",
		"s": "𝐬",
		"t": "𝐭",
		"u": "𝐮",
		"v": "𝐯",
		"w": "𝐰",
		"x": "𝐱",
		"y": "𝐲",
		"z": "𝐳",
		"A": "𝐀",
		"B": "𝐁",
		"C": "𝐂",
		"D": "𝐃",
		"E": "𝐄",
		"F": "𝐅",
		"G": "𝐆",
		"H": "𝐇",
		"I": "𝐈",
		"J": "𝐉",
		"K": "𝐊",
		"L": "𝐋",
		"M": "𝐌",
		"N": "𝐍",
		"O": "𝐎",
		"P": "𝐏",
		"Q": "𝐐",
		"R": "𝐑",
		"S": "𝐒",
		"T": "𝐓",
		"U": "𝐔",
		"V": "𝐕",
		"W": "𝐖",
		"X": "𝐗",
		"Y": "𝐘",
		"Z": "𝐙"
	}
},
{
	"name":       "bold italic",
	"characters": {
		"a": "𝙖",
		"b": "𝙗",
		"c": "𝙘",
		"d": "𝙙",
		"e": "𝙚",
		"f": "𝙛",
		"g": "𝙜",
		"h": "𝙝",
		"i": "𝙞",
		"j": "𝙟",
		"k": "𝙠",
		"l": "𝙡",
		"m": "𝙢",
		"n": "𝙣",
		"o": "𝙤",
		"p": "𝙥",
		"q": "𝙦",
		"r": "𝙧",
		"s": "𝙨",
		"t": "𝙩",
		"u": "𝙪",
		"v": "𝙫",
		"w": "𝙬",
		"x": "𝙭",
		"y": "𝙮",
		"z": "𝙯",
		"A": "𝘼",
		"B": "𝘽",
		"C": "𝘾",
		"D": "𝘿",
		"E": "𝙀",
		"F": "𝙁",
		"G": "𝙂",
		"H": "𝙃",
		"I": "𝙄",
		"J": "𝙅",
		"K": "𝙆",
		"L": "𝙇",
		"M": "𝙈",
		"N": "𝙉",
		"O": "𝙊",
		"P": "𝙋",
		"Q": "𝙌",
		"R": "𝙍",
		"S": "𝙎",
		"T": "𝙏",
		"U": "𝙐",
		"V": "𝙑",
		"W": "𝙒",
		"X": "𝙓",
		"Y": "𝙔",
		"Z": "𝙕"
	}
},
{
	"name":       "bold script",
	"characters": {
		"a": "𝓪",
		"b": "𝓫",
		"c": "𝓬",
		"d": "𝓭",
		"e": "𝓮",
		"f": "𝓯",
		"g": "𝓰",
		"h": "𝓱",
		"i": "𝓲",
		"j": "𝓳",
		"k": "𝓴",
		"l": "𝓵",
		"m": "𝓶",
		"n": "𝓷",
		"o": "𝓸",
		"p": "𝓹",
		"q": "𝓺",
		"r": "𝓻",
		"s": "𝓼",
		"t": "𝓽",
		"u": "𝓾",
		"v": "𝓿",
		"w": "𝔀",
		"x": "𝔁",
		"y": "𝔂",
		"z": "𝔃",
		"A": "𝓐",
		"B": "𝓑",
		"C": "𝓒",
		"D": "𝓓",
		"E": "𝓔",
		"F": "𝓕",
		"G": "𝓖",
		"H": "𝓗",
		"I": "𝓘",
		"J": "𝓙",
		"K": "𝓚",
		"L": "𝓛",
		"M": "𝓜",
		"N": "𝓝",
		"O": "𝓞",
		"P": "𝓟",
		"Q": "𝓠",
		"R": "𝓡",
		"S": "𝓢",
		"T": "𝓣",
		"U": "𝓤",
		"V": "𝓥",
		"W": "𝓦",
		"X": "𝓧",
		"Y": "𝓨",
		"Z": "𝓩"
	}
},
{
	"name":       "bubble",
	"characters": {
		"0": "⓪",
		"1": "①",
		"2": "②",
		"3": "③",
		"4": "④",
		"5": "⑤",
		"6": "⑥",
		"7": "⑦",
		"8": "⑧",
		"9": "⑨",
		"a": "ⓐ",
		"b": "ⓑ",
		"c": "ⓒ",
		"d": "ⓓ",
		"e": "ⓔ",
		"f": "ⓕ",
		"g": "ⓖ",
		"h": "ⓗ",
		"i": "ⓘ",
		"j": "ⓙ",
		"k": "ⓚ",
		"l": "ⓛ",
		"m": "ⓜ",
		"n": "ⓝ",
		"o": "ⓞ",
		"p": "ⓟ",
		"q": "ⓠ",
		"r": "ⓡ",
		"s": "ⓢ",
		"t": "ⓣ",
		"u": "ⓤ",
		"v": "ⓥ",
		"w": "ⓦ",
		"x": "ⓧ",
		"y": "ⓨ",
		"z": "ⓩ",
		"A": "Ⓐ",
		"B": "Ⓑ",
		"C": "Ⓒ",
		"D": "Ⓓ",
		"E": "Ⓔ",
		"F": "Ⓕ",
		"G": "Ⓖ",
		"H": "Ⓗ",
		"I": "Ⓘ",
		"J": "Ⓙ",
		"K": "Ⓚ",
		"L": "Ⓛ",
		"M": "Ⓜ",
		"N": "Ⓝ",
		"O": "Ⓞ",
		"P": "Ⓟ",
		"Q": "Ⓠ",
		"R": "Ⓡ",
		"S": "Ⓢ",
		"T": "Ⓣ",
		"U": "Ⓤ",
		"V": "Ⓥ",
		"W": "Ⓦ",
		"X": "Ⓧ",
		"Y": "Ⓨ",
		"Z": "Ⓩ"
	}
},
{
	"name":       "double struck",
	"characters": {
		"0": "𝟘",
		"1": "𝟙",
		"2": "𝟚",
		"3": "𝟛",
		"4": "𝟜",
		"5": "𝟝",
		"6": "𝟞",
		"7": "𝟟",
		"8": "𝟠",
		"9": "𝟡",
		"a": "𝕒",
		"b": "𝕓",
		"c": "𝕔",
		"d": "𝕕",
		"e": "𝕖",
		"f": "𝕗",
		"g": "𝕘",
		"h": "𝕙",
		"i": "𝕚",
		"j": "𝕛",
		"k": "𝕜",
		"l": "𝕝",
		"m": "𝕞",
		"n": "𝕟",
		"o": "𝕠",
		"p": "𝕡",
		"q": "𝕢",
		"r": "𝕣",
		"s": "𝕤",
		"t": "𝕥",
		"u": "𝕦",
		"v": "𝕧",
		"w": "𝕨",
		"x": "𝕩",
		"y": "𝕪",
		"z": "𝕫",
		"A": "𝔸",
		"B": "𝔹",
		"C": "ℂ",
		"D": "𝔻",
		"E": "𝔼",
		"F": "𝔽",
		"G": "𝔾",
		"H": "ℍ",
		"I": "𝕀",
		"J": "𝕁",
		"K": "𝕂",
		"L": "𝕃",
		"M": "𝕄",
		"N": "ℕ",
		"O": "𝕆",
		"P": "ℙ",
		"Q": "ℚ",
		"R": "ℝ",
		"S": "𝕊",
		"T": "𝕋",
		"U": "𝕌",
		"V": "𝕍",
		"W": "𝕎",
		"X": "𝕏",
		"Y": "𝕐",
		"Z": "ℤ"
	}
},
{
	"name":       "emoji",
	"characters": {
		"a": "🅰",
		"b": "🅱",
		"c": "🌜",
		"d": "🌛",
		"e": "🎗",
		"f": "🎏",
		"g": "🌀",
		"h": "♓",
		"i": "🎐",
		"j": "🎷",
		"k": "🎋",
		"l": "👢",
		"m": "〽️",
		"n": "🎵",
		"o": "⚽",
		"p": "🅿️",
		"q": "🍳",
		"r": "🌱",
		"s": "💲",
		"t": "🌴",
		"u": "⛎",
		"v": "✅",
		"w": "🔱",
		"x": "❎",
		"y": "🍸",
		"z": "💤"
	}
},
{
	"name":       "italic",
	"characters": {
		"a": "𝘢",
		"b": "𝘣",
		"c": "𝘤",
		"d": "𝘥",
		"e": "𝘦",
		"f": "𝘧",
		"g": "𝘨",
		"h": "𝘩",
		"i": "𝘪",
		"j": "𝘫",
		"k": "𝘬",
		"l": "𝘭",
		"m": "𝘮",
		"n": "𝘯",
		"o": "𝘰",
		"p": "𝘱",
		"q": "𝘲",
		"r": "𝘳",
		"s": "𝘴",
		"t": "𝘵",
		"u": "𝘶",
		"v": "𝘷",
		"w": "𝘸",
		"x": "𝘹",
		"y": "𝘺",
		"z": "𝘻",
		"A": "𝘈",
		"B": "𝘉",
		"C": "𝘊",
		"D": "𝘋",
		"E": "𝘌",
		"F": "𝘍",
		"G": "𝘎",
		"H": "𝘏",
		"I": "𝘐",
		"J": "𝘑",
		"K": "𝘒",
		"L": "𝘓",
		"M": "𝘔",
		"N": "𝘕",
		"O": "𝘖",
		"P": "𝘗",
		"Q": "𝘘",
		"R": "𝘙",
		"S": "𝘚",
		"T": "𝘛",
		"U": "𝘜",
		"V": "𝘝",
		"W": "𝘞",
		"X": "𝘟",
		"Y": "𝘠",
		"Z": "𝘡"
	}
},
{
	"name":       "leet speek",
	"characters": {
		"a": "4",
		"b": "8",
		"e": "3",
		"g": "9",
		"o": "0",
		"s": "5",
		"t": "7"
	}
},
{
	"name":       "script",
	"characters": {
		"a": "𝒶",
		"b": "𝒷",
		"c": "𝒸",
		"d": "𝒹",
		"e": "𝑒",
		"f": "𝒻",
		"g": "𝑔",
		"h": "𝒽",
		"i": "𝒾",
		"j": "𝒿",
		"k": "𝓀",
		"l": "𝓁",
		"m": "𝓂",
		"n": "𝓃",
		"o": "𝑜",
		"p": "𝓅",
		"q": "𝓆",
		"r": "𝓇",
		"s": "𝓈",
		"t": "𝓉",
		"u": "𝓊",
		"v": "𝓋",
		"w": "𝓌",
		"x": "𝓍",
		"y": "𝓎",
		"z": "𝓏",
		"A": "𝒜",
		"B": "𝐵",
		"C": "𝒞",
		"D": "𝒟",
		"E": "𝐸",
		"F": "𝐹",
		"G": "𝒢",
		"H": "𝐻",
		"I": "𝐼",
		"J": "𝒥",
		"K": "𝒦",
		"L": "𝐿",
		"M": "𝑀",
		"N": "𝒩",
		"O": "𝒪",
		"P": "𝒫",
		"Q": "𝒬",
		"R": "𝑅",
		"S": "𝒮",
		"T": "𝒯",
		"U": "𝒰",
		"V": "𝒱",
		"W": "𝒲",
		"X": "𝒳",
		"Y": "𝒴",
		"Z": "𝒵"
	}
},
{
	"name":       "small capital",
	"characters": {
		"a": "ᴀ",
		"b": "ʙ",
		"c": "ᴄ",
		"d": "ᴅ",
		"e": "ᴇ",
		"f": "ꜰ",
		"g": "ɢ",
		"h": "ʜ",
		"i": "ɪ",
		"j": "ᴊ",
		"k": "ᴋ",
		"l": "ʟ",
		"m": "ᴍ",
		"n": "ɴ",
		"o": "ᴏ",
		"p": "ᴘ",
		"q": "ǫ",
		"r": "ʀ",
		"s": "s",
		"t": "ᴛ",
		"u": "ᴜ",
		"v": "ᴠ",
		"w": "ᴡ",
		"x": "x",
		"y": "ʏ",
		"z": "ᴢ"
	}
},
{
	"name":       "square",
	"characters": {
		"a": "🄰",
		"b": "🄱",
		"c": "🄲",
		"d": "🄳",
		"e": "🄴",
		"f": "🄵",
		"g": "🄶",
		"h": "🄷",
		"i": "🄸",
		"j": "🄹",
		"k": "🄺",
		"l": "🄻",
		"m": "🄼",
		"n": "🄽",
		"o": "🄾",
		"p": "🄿",
		"q": "🅀",
		"r": "🅁",
		"s": "🅂",
		"t": "🅃",
		"u": "🅄",
		"v": "🅅",
		"w": "🅆",
		"x": "🅇",
		"y": "🅈",
		"z": "🅉"
	}
},
{
	"name":       "strike",
	"characters": {
		"0": "0̶",
		"1": "1̶",
		"2": "2̶",
		"3": "3̶",
		"4": "4̶",
		"5": "5̶",
		"6": "6̶",
		"7": "7̶",
		"8": "8̶",
		"9": "9̶",
		"a": "a̶",
		"b": "b̶",
		"c": "c̶",
		"d": "d̶",
		"e": "e̶",
		"f": "f̶",
		"g": "g̶",
		"h": "h̶",
		"i": "i̶",
		"j": "j̶",
		"k": "k̶",
		"l": "l̶",
		"m": "m̶",
		"n": "n̶",
		"o": "o̶",
		"p": "p̶",
		"q": "q̶",
		"r": "r̶",
		"s": "s̶",
		"t": "t̶",
		"u": "u̶",
		"v": "v̶",
		"w": "w̶",
		"x": "x̶",
		"y": "y̶",
		"z": "z̶",
		"A": "A̶",
		"B": "B̶",
		"C": "C̶",
		"D": "D̶",
		"E": "E̶",
		"F": "F̶",
		"G": "G̶",
		"H": "H̶",
		"I": "I̶",
		"J": "J̶",
		"K": "K̶",
		"L": "L̶",
		"M": "M̶",
		"N": "N̶",
		"O": "O̶",
		"P": "P̶",
		"Q": "Q̶",
		"R": "R̶",
		"S": "S̶",
		"T": "T̶",
		"U": "U̶",
		"V": "V̶",
		"W": "W̶",
		"X": "X̶",
		"Y": "Y̶",
		"Z": "Z̶"
	}
},
{
	"name":       "tilde strike",
	"characters": {
		"0": "0̴",
		"1": "1̴",
		"2": "2̴",
		"3": "3̴",
		"4": "4̴",
		"5": "5̴",
		"6": "6̴",
		"7": "7̴",
		"8": "8̴",
		"9": "9̴",
		"a": "a̴",
		"b": "b̴",
		"c": "c̴",
		"d": "d̴",
		"e": "e̴",
		"f": "f̴",
		"g": "g̴",
		"h": "h̴",
		"i": "i̴",
		"j": "j̴",
		"k": "k̴",
		"l": "l̴",
		"m": "m̴",
		"n": "n̴",
		"o": "o̴",
		"p": "p̴",
		"q": "q̴",
		"r": "r̴",
		"s": "s̴",
		"t": "t̴",
		"u": "u̴",
		"v": "v̴",
		"w": "w̴",
		"x": "x̴",
		"y": "y̴",
		"z": "z̴",
		"A": "A̴",
		"B": "B̴",
		"C": "C̴",
		"D": "D̴",
		"E": "E̴",
		"F": "F̴",
		"G": "G̴",
		"H": "H̴",
		"I": "I̴",
		"J": "J̴",
		"K": "K̴",
		"L": "L̴",
		"M": "M̴",
		"N": "N̴",
		"O": "O̴",
		"P": "P̴",
		"Q": "Q̴",
		"R": "R̴",
		"S": "S̴",
		"T": "T̴",
		"U": "U̴",
		"V": "V̴",
		"W": "W̴",
		"X": "X̴",
		"Y": "Y̴",
		"Z": "Z̴"
	}
},
{
	"name":       "underline",
	"characters": {
		"0": "0̲",
		"1": "1̲",
		"2": "2̲",
		"3": "3̲",
		"4": "4̲",
		"5": "5̲",
		"6": "6̲",
		"7": "7̲",
		"8": "8̲",
		"9": "9̲",
		"a": "a̲",
		"b": "b̲",
		"c": "c̲",
		"d": "d̲",
		"e": "e̲",
		"f": "f̲",
		"g": "g̲",
		"h": "h̲",
		"i": "i̲",
		"j": "j̲",
		"k": "k̲",
		"l": "l̲",
		"m": "m̲",
		"n": "n̲",
		"o": "o̲",
		"p": "p̲",
		"q": "q̲",
		"r": "r̲",
		"s": "s̲",
		"t": "t̲",
		"u": "u̲",
		"v": "v̲",
		"w": "w̲",
		"x": "x̲",
		"y": "y̲",
		"z": "z̲",
		"A": "A̲",
		"B": "B̲",
		"C": "C̲",
		"D": "D̲",
		"E": "E̲",
		"F": "F̲",
		"G": "G̲",
		"H": "H̲",
		"I": "I̲",
		"J": "J̲",
		"K": "K̲",
		"L": "L̲",
		"M": "M̲",
		"N": "N̲",
		"O": "O̲",
		"P": "P̲",
		"Q": "Q̲",
		"R": "R̲",
		"S": "S̲",
		"T": "T̲",
		"U": "U̲",
		"V": "V̲",
		"W": "W̲",
		"X": "X̲",
		"Y": "Y̲",
		"Z": "Z̲"
	}
},
{
	"name":       "upsidedown",
	"characters": {
		"0": "0",
		"1": "Ɩ",
		"2": "ᄅ",
		"3": "Ɛ",
		"4": "ㄣ",
		"5": "ϛ",
		"6": "9",
		"7": "ㄥ",
		"8": "8",
		"9": "6",
		"a": "ɐ",
		"b": "q",
		"c": "ɔ",
		"d": "p",
		"e": "ǝ",
		"f": "ɟ",
		"g": "ƃ",
		"h": "ɥ",
		"i": "ᴉ",
		"j": "ɾ",
		"k": "ʞ",
		"m": "ɯ",
		"n": "u",
		"p": "d",
		"q": "b",
		"r": "ɹ",
		"t": "ʇ",
		"u": "n",
		"v": "ʌ",
		"w": "ʍ",
		"y": "ʎ",
		"A": "∀",
		"B": "𐐒",
		"C": "Ɔ",
		"E": "Ǝ",
		"F": "Ⅎ",
		"G": "פ",
		"H": "H",
		"I": "I",
		"J": "ſ",
		"L": "˥",
		"M": "W",
		"N": "N",
		"P": "Ԁ",
		"R": "ᴚ",
		"T": "⊥",
		"U": "∩",
		"V": "Λ",
		"Y": "⅄"
	}
}]